fitur,gini
S2_penting,0.31934218678185505
S3_sekitar,0.17148325649926696
P2_cara,0.10116201778422074
H2_waktu,0.07169142533808413
P3_dampak,0.07023843418070648
H4_dukungan,0.06644522799916014
P1_organik,0.06280238877313811
H1_repot,0.0608036273948176
S1_tanggungjawab,0.05590265524090693
H3_fasilitas,0.020128780007843954
