fitur,gini
P3_dampak,0.1721425843269828
S3_sekitar,0.11986245232001648
S2_penting,0.10135245065005008
RW2_pengaruh,0.09453179737190541
S1_tanggungjawab,0.09201445115856874
P2_cara,0.08552763050328271
RW4_sebanding,0.0678732629536548
RW3_menarik,0.057678296149261725
H4_dukungan,0.05125220234681311
RW1_tertarik,0.04931928424622358
P1_organik,0.04660065477945802
H1_repot,0.025638668244800395
H3_fasilitas,0.025266121187221127
H2_waktu,0.010940143761760892
